,cacheline_size,l1d_size,cpu,isa,branchp,benchmark,numCycles,dcache.overallMissRate,icache.overallMissRate,dcache.overallHits,icache.overallHits,dcache.overallMisses
0,16,128kB,TimingSimpleCPU,RISCV,None,458.sjeng,135417753.0,0.165317,5.9e-05,3529329.0,10001490.0,699016.0
1,32,128kB,TimingSimpleCPU,RISCV,None,458.sjeng,82992457.0,0.082786,3.3e-05,3878298.0,10001754.0,350047.0
2,64,128kB,TimingSimpleCPU,RISCV,None,458.sjeng,56856163.0,0.041428,1.9e-05,4053172.0,10001889.0,175173.0
3,128,128kB,TimingSimpleCPU,RISCV,None,458.sjeng,44894501.0,0.020733,1.2e-05,4140677.0,10001959.0,87668.0
4,256,128kB,TimingSimpleCPU,RISCV,None,458.sjeng,37803853.0,0.010382,8e-06,4184445.0,10002000.0,43900.0
5,512,128kB,TimingSimpleCPU,RISCV,None,458.sjeng,33975777.0,0.005196,6e-06,4206373.0,10002024.0,21972.0
